GRIDGRAPH_1;('python generate_gridgraph.py 12 19 86 10000 1000 16133956692248', '')
GRIDGRAPH_2;('python generate_gridgraph.py 13 55 629 10000 1000 10084717091267', '')
GRIDGRAPH_0;('python generate_gridgraph.py 17 145 64 10000 1000 3750770691062', '')
GRIDGRAPH_3;('python generate_gridgraph.py 53 53 682 10000 1000 15799182756028', '')
GRIDGRAPH_4;('python generate_gridgraph.py 47 52 572 10000 1000 5035072793857', '')
GOTO_2;('"../..\\goto\\goto"', '233 3606 1000 10000 8569163083502')
GOTO_0;('"../..\\goto\\goto"', '1933 11870 1000 10000 16420250418654')
GRIDGEN_5;('"../..\\gridgen\\gridgen"', '1 10274052772179 1583 13 827 437 31 90783 1 1 10000 1 1 1000')
GRIDGEN_1;('"../..\\gridgen\\gridgen"', '1 7949255866286 2618 22 133 1098 28 14372 1 1 10000 1 1 1000')
GRIDGEN_8;('"../..\\gridgen\\gridgen"', '1 5691337959374 90 9 25 23 18 8562 1 1 10000 1 1 1000')
GRIDGEN_7;('"../..\\gridgen\\gridgen"', '1 8056774024066 2088 44 898 360 6 180844 1 1 10000 1 1 1000')
GRIDGRAPH_5;('python generate_gridgraph.py 57 85 1586 10000 1000 6655762021191', '')
GRIDGEN_0;('"../..\\gridgen\\gridgen"', '1 2012311058764 1881 21 267 1190 62 21910 1 1 10000 1 1 1000')
GRIDGEN_4;('"../..\\gridgen\\gridgen"', '1 2069391454417 2995 10 954 1621 22 117395 1 1 10000 1 1 1000')
NETGEN_1;('"../..\\netgen\\netgen"', '3320745069246 1 4686 1 1 19767 1 10000 243892 0 0 100 100 1 1000')
GRIDGRAPH_6;('python generate_gridgraph.py 41 51 116 10000 1000 15828350499669', '')
GRIDGEN_9;('"../..\\gridgen\\gridgen"', '1 16176875475325 1548 10 111 805 37 149683 1 1 10000 1 1 1000')
GRIDGEN_2;('"../..\\gridgen\\gridgen"', '1 11849573989431 3829 21 1264 1237 37 62163 1 1 10000 1 1 1000')
GRIDGEN_3;('"../..\\gridgen\\gridgen"', '1 11876626831106 2323 42 1056 196 72 67781 1 1 10000 1 1 1000')
GRIDGEN_11;('"../..\\gridgen\\gridgen"', '1 13765573567152 1380 13 413 176 60 75458 1 1 10000 1 1 1000')
NETGEN_4;('"../..\\netgen\\netgen"', '12037638501213 1 2315 1 1 49325 1 10000 119094 0 0 100 100 1 1000')
NETGEN_5;('"../..\\netgen\\netgen"', '3713229181020 1 2538 1 1 45270 1 10000 119502 0 0 100 100 1 1000')
GRIDGEN_6;('"../..\\gridgen\\gridgen"', '1 2565130217648 4486 23 2011 1886 40 194805 1 1 10000 1 1 1000')
GRIDGEN_14;('"../..\\gridgen\\gridgen"', '1 12001608736540 4583 22 1994 1036 3 377764 1 1 10000 1 1 1000')
GRIDGRAPH_7;('python generate_gridgraph.py 12 146 792 10000 1000 16151407549557', '')
GRIDGEN_12;('"../..\\gridgen\\gridgen"', '1 2706822721435 1845 36 671 716 51 114977 1 1 10000 1 1 1000')
GRIDGRAPH_9;('python generate_gridgraph.py 8 344 706 10000 1000 8509836752920', '')
GRIDGRAPH_8;('python generate_gridgraph.py 28 42 1087 10000 1000 7523216875556', '')
GRIDGRAPH_10;('python generate_gridgraph.py 13 138 794 10000 1000 15216872035621', '')
GRIDGEN_15;('"../..\\gridgen\\gridgen"', '1 4632374194391 1308 35 445 422 43 80781 1 1 10000 1 1 1000')
GRIDGEN_16;('"../..\\gridgen\\gridgen"', '1 10346493651344 574 13 141 211 111 46642 1 1 10000 1 1 1000')
GRIDGEN_10;('"../..\\gridgen\\gridgen"', '1 9093327813356 3708 17 646 1430 41 267112 1 1 10000 1 1 1000')
GRIDGEN_13;('"../..\\gridgen\\gridgen"', '1 10855125969062 4265 24 1498 1530 35 113834 1 1 10000 1 1 1000')
GOTO_6;('"../..\\goto\\goto"', '2667 24815 1000 10000 15520366414680')
GOTO_1;('"../..\\goto\\goto"', '932 47266 1000 10000 8636742608872')
NETGEN_2;('"../..\\netgen\\netgen"', '11408872041966 1 3726 1 1 129973 1 10000 179126 0 0 100 100 1 1000')
GOTO_3;('"../..\\goto\\goto"', '1782 52344 1000 10000 9657128308638')
NETGEN_3;('"../..\\netgen\\netgen"', '3748386666180 1 3831 1 1 83217 1 10000 121464 0 0 100 100 1 1000')
GOTO_9;('"../..\\goto\\goto"', '3740 25695 1000 10000 9760610868622')
NETGEN_6;('"../..\\netgen\\netgen"', '263148946403 1 300 1 1 84739 1 10000 1752 0 0 100 100 1 1000')
GOTO_5;('"../..\\goto\\goto"', '3842 65586 1000 10000 12996470890916')
NETGEN_11;('"../..\\netgen\\netgen"', '9279027628862 1 3049 1 1 77390 1 10000 87444 0 0 100 100 1 1000')
GRIDGRAPH_11;('python generate_gridgraph.py 14 72 1060 10000 1000 10252727596485', '')
GRIDGEN_17;('"../..\\gridgen\\gridgen"', '1 10114008269368 1993 38 955 968 78 114962 1 1 10000 1 1 1000')
GRIDGEN_18;('"../..\\gridgen\\gridgen"', '1 620552351689 2935 30 1618 562 26 112629 1 1 10000 1 1 1000')
GOTO_4;('"../..\\goto\\goto"', '1376 115855 1000 10000 5767234721988')
GRIDGRAPH_12;('python generate_gridgraph.py 59 81 1678 10000 1000 4801340100024', '')
NETGEN_7;('"../..\\netgen\\netgen"', '7978500789215 1 1379 1 1 123832 1 10000 78303 0 0 100 100 1 1000')
GOTO_13;('"../..\\goto\\goto"', '434 4194 1000 10000 17001934659252')
GRIDGRAPH_13;('python generate_gridgraph.py 23 107 1573 10000 1000 10264556687801', '')
NETGEN_0;('"../..\\netgen\\netgen"', '16057542437187 1 3763 1 1 190770 1 10000 338571 0 0 100 100 1 1000')
GRIDGEN_19;('"../..\\gridgen\\gridgen"', '1 5761196499839 2673 50 656 701 54 117063 1 1 10000 1 1 1000')
GRIDGRAPH_14;('python generate_gridgraph.py 35 73 56 10000 1000 8076910090047', '')
GRIDGEN_20;('"../..\\gridgen\\gridgen"', '1 15115301175049 1094 23 459 506 46 48456 1 1 10000 1 1 1000')
NETGEN_12;('"../..\\netgen\\netgen"', '5348754696209 1 4733 1 1 129462 1 10000 448838 0 0 100 100 1 1000')
GRIDGEN_22;('"../..\\gridgen\\gridgen"', '1 14188044858935 1621 22 555 489 7 112035 1 1 10000 1 1 1000')
GRIDGRAPH_15;('python generate_gridgraph.py 20 38 288 10000 1000 3255090456566', '')
NETGEN_13;('"../..\\netgen\\netgen"', '7059611634207 1 1913 1 1 156542 1 10000 57112 0 0 100 100 1 1000')
GRIDGRAPH_16;('python generate_gridgraph.py 24 198 1465 10000 1000 6085663213342', '')
NETGEN_8;('"../..\\netgen\\netgen"', '9957186061186 1 1461 1 1 117825 1 10000 72911 0 0 100 100 1 1000')
NETGEN_10;('"../..\\netgen\\netgen"', '14078264584216 1 1057 1 1 61390 1 10000 6839 0 0 100 100 1 1000')
GRIDGEN_21;('"../..\\gridgen\\gridgen"', '1 14221383065925 1076 9 11 263 182 40763 1 1 10000 1 1 1000')
NETGEN_9;('"../..\\netgen\\netgen"', '14578260722918 1 2660 1 1 199767 1 10000 8841 0 0 100 100 1 1000')
GRIDGEN_23;('"../..\\gridgen\\gridgen"', '1 3972751248929 3759 23 919 2310 15 240531 1 1 10000 1 1 1000')
NETGEN_15;('"../..\\netgen\\netgen"', '14105368016483 1 3802 1 1 182898 1 10000 316059 0 0 100 100 1 1000')
GOTO_7;('"../..\\goto\\goto"', '2565 131103 1000 10000 8793848860284')
GRIDGEN_24;('"../..\\gridgen\\gridgen"', '1 13755104695628 2800 23 1086 478 48 218794 1 1 10000 1 1 1000')
GOTO_8;('"../..\\goto\\goto"', '3578 177980 1000 10000 764247838798')
GRIDGEN_26;('"../..\\gridgen\\gridgen"', '1 15337386591137 1636 16 766 624 13 27960 1 1 10000 1 1 1000')
GOTO_14;('"../..\\goto\\goto"', '2999 56930 1000 10000 3339411314261')
GRIDGRAPH_17;('python generate_gridgraph.py 41 43 750 10000 1000 13350539988843', '')
GRIDGEN_25;('"../..\\gridgen\\gridgen"', '1 1906811621540 4094 9 1789 873 47 405097 1 1 10000 1 1 1000')
GOTO_12;('"../..\\goto\\goto"', '987 70038 1000 10000 8772060063436')
GRIDGRAPH_18;('python generate_gridgraph.py 18 36 361 10000 1000 4636597796014', '')
GRIDGRAPH_19;('python generate_gridgraph.py 35 81 1053 10000 1000 2300840033426', '')
GRIDGRAPH_20;('python generate_gridgraph.py 6 255 1341 10000 1000 12930332764061', '')
NETGEN_19;('"../..\\netgen\\netgen"', '6453990504373 1 3101 1 1 170132 1 10000 4918 0 0 100 100 1 1000')
GOTO_11;('"../..\\goto\\goto"', '1524 95899 1000 10000 15155442019327')
GRIDGRAPH_21;('python generate_gridgraph.py 34 93 161 10000 1000 4179016823005', '')
GRIDGEN_27;('"../..\\gridgen\\gridgen"', '1 8891844029672 1933 25 137 1007 39 169055 1 1 10000 1 1 1000')
NETGEN_20;('"../..\\netgen\\netgen"', '10126280831506 1 261 1 1 29627 1 10000 11745 0 0 100 100 1 1000')
GOTO_15;('"../..\\goto\\goto"', '1801 81560 1000 10000 4058521649428')
GOTO_10;('"../..\\goto\\goto"', '1929 118345 1000 10000 9886305523020')
NETGEN_14;('"../..\\netgen\\netgen"', '14597263788017 1 2212 1 1 86445 1 10000 140955 0 0 100 100 1 1000')
GRIDGEN_30;('"../..\\gridgen\\gridgen"', '1 7096207403934 158 11 15 111 148 7205 1 1 10000 1 1 1000')
NETGEN_16;('"../..\\netgen\\netgen"', '13287775510270 1 4461 1 1 125205 1 10000 276058 0 0 100 100 1 1000')
NETGEN_22;('"../..\\netgen\\netgen"', '7089889514741 1 896 1 1 25865 1 10000 81904 0 0 100 100 1 1000')
GRIDGRAPH_22;('python generate_gridgraph.py 19 135 613 10000 1000 16434134074925', '')
GRIDGRAPH_23;('python generate_gridgraph.py 21 29 789 10000 1000 16478592534156', '')
GRIDGEN_28;('"../..\\gridgen\\gridgen"', '1 11530927318381 1226 29 864 140 155 2034 1 1 10000 1 1 1000')
GRIDGEN_31;('"../..\\gridgen\\gridgen"', '1 5180676036626 1722 13 506 959 43 121919 1 1 10000 1 1 1000')
GOTO_18;('"../..\\goto\\goto"', '3120 44688 1000 10000 6069090470493')
GOTO_23;('"../..\\goto\\goto"', '160 1652 1000 10000 2457577782227')
GRIDGRAPH_24;('python generate_gridgraph.py 19 125 85 10000 1000 14744226243359', '')
GRIDGEN_29;('"../..\\gridgen\\gridgen"', '1 8675568991505 3996 12 109 2754 45 111392 1 1 10000 1 1 1000')
NETGEN_24;('"../..\\netgen\\netgen"', '11059128103149 1 1420 1 1 157138 1 10000 62094 0 0 100 100 1 1000')
GOTO_17;('"../..\\goto\\goto"', '1012 73148 1000 10000 14930946537030')
GRIDGRAPH_25;('python generate_gridgraph.py 39 109 712 10000 1000 7041778874131', '')
GOTO_16;('"../..\\goto\\goto"', '3086 146347 1000 10000 3860767332928')
NETGEN_25;('"../..\\netgen\\netgen"', '12896650203408 1 2504 1 1 38064 1 10000 92047 0 0 100 100 1 1000')
NETGEN_18;('"../..\\netgen\\netgen"', '3946961641956 1 909 1 1 132144 1 10000 68205 0 0 100 100 1 1000')
GRIDGRAPH_26;('python generate_gridgraph.py 5 784 649 10000 1000 12912520464831', '')
GRIDGRAPH_27;('python generate_gridgraph.py 16 178 949 10000 1000 13407694392150', '')
NETGEN_23;('"../..\\netgen\\netgen"', '8528017992757 1 2473 1 1 136269 1 10000 209042 0 0 100 100 1 1000')
GRIDGRAPH_28;('python generate_gridgraph.py 19 31 741 10000 1000 8242586883322', '')
GOTO_25;('"../..\\goto\\goto"', '3643 36086 1000 10000 2762288000914')
GRIDGRAPH_29;('python generate_gridgraph.py 17 141 1996 10000 1000 2522488985572', '')
GRIDGEN_33;('"../..\\gridgen\\gridgen"', '1 6599800602687 1703 14 288 246 4 86046 1 1 10000 1 1 1000')
NETGEN_17;('"../..\\netgen\\netgen"', '3342427585263 1 3915 1 1 188802 1 10000 349397 0 0 100 100 1 1000')
GOTO_24;('"../..\\goto\\goto"', '3854 42955 1000 10000 12107106553626')
GRIDGRAPH_30;('python generate_gridgraph.py 20 24 774 10000 1000 10705806238311', '')
NETGEN_28;('"../..\\netgen\\netgen"', '4120366813886 1 1232 1 1 5949 1 10000 68924 0 0 100 100 1 1000')
GOTO_19;('"../..\\goto\\goto"', '3490 144669 1000 10000 2286319411177')
GRIDGRAPH_32;('python generate_gridgraph.py 22 135 734 10000 1000 16571756328017', '')
GRIDGEN_32;('"../..\\gridgen\\gridgen"', '1 336801886490 3497 11 1191 1020 51 205408 1 1 10000 1 1 1000')
NETGEN_30;('"../..\\netgen\\netgen"', '16004840409869 1 540 1 1 132430 1 10000 8606 0 0 100 100 1 1000')
GRIDGRAPH_33;('python generate_gridgraph.py 18 90 674 10000 1000 6252311540712', '')
NETGEN_31;('"../..\\netgen\\netgen"', '7628296239772 1 1958 1 1 34312 1 10000 3229 0 0 100 100 1 1000')
NETGEN_21;('"../..\\netgen\\netgen"', '5548977422797 1 3346 1 1 151338 1 10000 253788 0 0 100 100 1 1000')
GRIDGRAPH_34;('python generate_gridgraph.py 12 65 67 10000 1000 6433870104140', '')
GRIDGRAPH_35;('python generate_gridgraph.py 31 120 266 10000 1000 12786178728749', '')
GRIDGRAPH_36;('python generate_gridgraph.py 8 52 403 10000 1000 5738108322086', '')
GRIDGEN_35;('"../..\\gridgen\\gridgen"', '1 1470542437714 2877 6 736 595 22 204319 1 1 10000 1 1 1000')
NETGEN_26;('"../..\\netgen\\netgen"', '9731626420964 1 3270 1 1 60962 1 10000 238113 0 0 100 100 1 1000')
NETGEN_33;('"../..\\netgen\\netgen"', '7768805655310 1 1481 1 1 177962 1 10000 92727 0 0 100 100 1 1000')
GRIDGEN_34;('"../..\\gridgen\\gridgen"', '1 12599969483594 2340 39 1049 467 53 159926 1 1 10000 1 1 1000')
GRIDGEN_38;('"../..\\gridgen\\gridgen"', '1 13464203442200 240 5 19 201 71 17433 1 1 10000 1 1 1000')
GRIDGEN_36;('"../..\\gridgen\\gridgen"', '1 9920235891250 1649 33 460 477 82 139804 1 1 10000 1 1 1000')
NETGEN_34;('"../..\\netgen\\netgen"', '16381190979577 1 1320 1 1 42024 1 10000 126363 0 0 100 100 1 1000')
GOTO_20;('"../..\\goto\\goto"', '1975 166297 1000 10000 1212999660637')
GOTO_21;('"../..\\goto\\goto"', '3271 145676 1000 10000 7879991749792')
GRIDGEN_39;('"../..\\gridgen\\gridgen"', '1 6944225890852 2107 40 1377 517 49 91325 1 1 10000 1 1 1000')
NETGEN_36;('"../..\\netgen\\netgen"', '6060608786202 1 2296 1 1 47707 1 10000 128654 0 0 100 100 1 1000')
GRIDGRAPH_37;('python generate_gridgraph.py 27 117 1698 10000 1000 16142236436024', '')
NETGEN_37;('"../..\\netgen\\netgen"', '15502580717687 1 410 1 1 6184 1 10000 24447 0 0 100 100 1 1000')
GRIDGEN_37;('"../..\\gridgen\\gridgen"', '1 423433810791 2694 40 56 1053 73 91668 1 1 10000 1 1 1000')
GOTO_22;('"../..\\goto\\goto"', '3246 146149 1000 10000 12846394605743')
NETGEN_27;('"../..\\netgen\\netgen"', '8871574601028 1 2160 1 1 61395 1 10000 113984 0 0 100 100 1 1000')
GRIDGEN_40;('"../..\\gridgen\\gridgen"', '1 408289333294 250 5 112 67 10 21490 1 1 10000 1 1 1000')
GRIDGRAPH_38;('python generate_gridgraph.py 26 68 1709 10000 1000 10766358648545', '')
GRIDGRAPH_39;('python generate_gridgraph.py 53 63 1657 10000 1000 11509035647684', '')
GRIDGRAPH_41;('python generate_gridgraph.py 13 183 65 10000 1000 5487408945175', '')
GRIDGRAPH_40;('python generate_gridgraph.py 32 123 547 10000 1000 10256548344832', '')
GRIDGRAPH_42;('python generate_gridgraph.py 18 30 1033 10000 1000 11587806382408', '')
NETGEN_38;('"../..\\netgen\\netgen"', '11711708157521 1 1499 1 1 146014 1 10000 137712 0 0 100 100 1 1000')
GOTO_26;('"../..\\goto\\goto"', '1574 135964 1000 10000 15318381804786')
GRIDGEN_41;('"../..\\gridgen\\gridgen"', '1 9101029148567 2308 15 333 1166 29 15635 1 1 10000 1 1 1000')
NETGEN_29;('"../..\\netgen\\netgen"', '6233419016177 1 2634 1 1 46375 1 10000 155470 0 0 100 100 1 1000')
GOTO_27;('"../..\\goto\\goto"', '2935 148190 1000 10000 2082382804091')
NETGEN_41;('"../..\\netgen\\netgen"', '7872100435714 1 15 1 1 76 1 10000 622 0 0 100 100 1 1000')
NETGEN_39;('"../..\\netgen\\netgen"', '6461881003844 1 4248 1 1 181607 1 10000 282597 0 0 100 100 1 1000')
